cohort_month_old,cohort_month,retention_category,retention_category_sort,total_new_addresses,retention_rate_1_7d,retention_rate_8_30d,retention_rate_31_90d,retention_rate_91_180d,retention_rate_181_360d,total_tx_value_eth,total_fee_eth,unique_users,tx_count,avg_tx_value_eth,avg_tx_fee_eth,avg_tx_value_per_user,avg_fee_per_user,daily_tx_value_eth_per_user,daily_tx_count_per_user,daily_fee_eth_per_user,daily_l1_fee_per_user,daily_l1_fee_per_user_neg,daily_l2_priority_fee_per_user,daily_l2_base_fee_per_user,l1_fee_per_user,l1_fee_per_user_neg,l2_priority_fee_per_user,l2_base_fee_per_user,total_l1_fee,total_l1_fee_neg,total_l2_priority_fee,total_l2_base_fee
2023-07-01 0:00,2023-07-01,1-7 days,1,175495,0.376500755,0.5776232941,0.4720419385,0.4471637369,0.6543548249,135280.6831,203.1359205,66074,1050872,0.1287318371,0.0001933022485,2.047411736,0.003074369957,0.2924873909,2.272067249,0.0004391957081,0.000144155538,-0.000144155538,0.0003545487613,7.19e-07,0.001009088766,-0.001009088766,0.002481841329,5.033627735e-06,66.67453111,-66.67453111,163.985184,0.332591919
2023-07-01 0:00,2023-07-01,8-30 days,2,175495,0.376500755,0.5776232941,0.4720419385,0.4471637369,0.6543548249,243862.6318,256.9968271,101370,2424212,0.1005945981,0.0001060125216,2.405668657,0.002535235544,0.1045942894,1.039760499,0.0001102276323,6.954006142e-05,-6.954006142e-05,7.557876964e-05,5.57515275e-06,0.001599421413,-0.001599421413,0.001738311702,0.0001282285132,162.1333486,-162.1333486,176.2126572,12.99852439
2023-07-01 0:00,2023-07-01,31-90 days,3,175495,0.376500755,0.5776232941,0.4720419385,0.4471637369,0.6543548249,168618.1078,120.4323813,82841,4421650,0.03813465737,2.723697745e-05,2.035442689,0.001453777494,0.03392404481,0.8895856722,2.422962489e-05,5.581385214e-05,-5.581385214e-05,6.709659593e-06,2.614970094e-06,0.003348831129,-0.003348831129,0.0004025795756,0.0001568982057,277.4205195,-277.4205195,33.35009462,12.99760426
2023-07-01 0:00,2023-07-01,91-180 days,4,175495,0.376500755,0.5776232941,0.4720419385,0.4471637369,0.6543548249,232716.7465,51.92428819,78475,3641167,0.06391268143,1.426034241e-05,2.965488965,0.0006616666224,0.03294987739,0.5155452196,7.35185136e-06,5.381806494e-05,-5.381806494e-05,5.277457495e-06,1.16e-09,0.004843625844,-0.004843625844,0.0004749711745,1.05e-07,380.1035381,-380.1035381,37.27336292,0.008214022016
2023-07-01 0:00,2023-07-01,181-360 days,5,175495,0.376500755,0.5776232941,0.4720419385,0.4471637369,0.6543548249,788963.5687,411.5705317,114836,15339393,0.05143381936,2.683095294e-05,6.870350488,0.003583985264,0.03816861382,0.7420917656,1.991102924e-05,2.363229794e-05,-2.363229794e-05,8.783638048e-06,5.103817248e-06,0.00425381363,-0.00425381363,0.001581054849,0.0009186871046,488.490942,-488.490942,181.5620146,105.4983523
2023-08-01 0:00,2023-08-01,1-7 days,1,833549,0.3929103148,0.3812313373,0.3716854078,0.3730206623,0.5772726019,229260.5137,426.1141122,327510,3397917,0.06747089871,0.0001254045088,0.7000107286,0.001301072066,0.1000015327,1.482143184,0.0001858674379,7.642221697e-05,-7.642221697e-05,0.000103262331,4.864846178e-05,0.0005349555188,-0.0005349555188,0.0007228363173,0.0003405392324,175.203282,-175.203282,236.7361223,111.530004
2023-08-01 0:00,2023-08-01,8-30 days,2,833549,0.3929103148,0.3812313373,0.3716854078,0.3730206623,0.5772726019,368003.504,344.6776072,317775,5307074,0.06934207136,6.494682516e-05,1.158063108,0.001084659294,0.05035056989,0.7261186306,4.715909974e-05,3.332602114e-05,-3.332602114e-05,2.929557871e-05,8.110837328e-06,0.0007664984862,-0.0007664984862,0.0006737983103,0.0001865492586,243.5740564,-243.5740564,214.116258,59.28069064
2023-08-01 0:00,2023-08-01,31-90 days,3,833549,0.3929103148,0.3812313373,0.3716854078,0.3730206623,0.5772726019,407874.2949,267.1048427,309818,7219120,0.05649917093,3.699964022e-05,1.316496443,0.0008621346813,0.02194160738,0.3883527318,1.436891136e-05,1.424499932e-05,-1.424499932e-05,9.967232118e-06,4.68e-07,0.0008546999594,-0.0008546999594,0.0005980339271,2.806520896e-05,264.801432,-264.801432,185.2816752,8.695106909
2023-08-01 0:00,2023-08-01,91-180 days,4,833549,0.3929103148,0.3812313373,0.3716854078,0.3730206623,0.5772726019,385994.0233,173.0077219,310931,5761464,0.06699582316,3.00284306e-05,1.241413765,0.0005564183754,0.01379348628,0.2058857646,6.182426394e-06,1.963454473e-05,-1.963454473e-05,5.304659124e-06,3.08e-11,0.001767109026,-0.001767109026,0.0004774193211,2.78e-09,549.4489764,-549.4489764,148.4444669,0.0008630507677
2023-08-01 0:00,2023-08-01,181-360 days,5,833549,0.3929103148,0.3812313373,0.3716854078,0.3730206623,0.5772726019,1348245.732,787.3730402,481185,26523210,0.0508326757,2.968618958e-05,2.801928016,0.001636320833,0.01556626676,0.3062256028,9.090671297e-06,4.706261305e-06,-4.706261305e-06,3.98260168e-06,3.205260009e-06,0.0008471270349,-0.0008471270349,0.0007168683025,0.0005769468016,407.6248223,-407.6248223,344.9462741,277.6181467
2023-09-01 0:00,2023-09-01,1-7 days,1,473999,0.2426460815,0.2489477826,0.2761102872,0.3054922057,0.5228850694,76969.50697,78.05014647,115014,3675612,0.02094059628,2.123459888e-05,0.6692185905,0.0006786143119,0.09560265578,4.565421849,9.69449017e-05,0.0001269117133,-0.0001269117133,6.000570189e-05,2.585025124e-05,0.0008883819931,-0.0008883819931,0.0004200399132,0.0001809517587,102.1763666,-102.1763666,48.31047058,20.81198557
2023-09-01 0:00,2023-09-01,8-30 days,2,473999,0.2426460815,0.2489477826,0.2761102872,0.3054922057,0.5228850694,120190.4244,69.77446644,118001,3698684,0.03249545634,1.886467361e-05,1.018554287,0.0005913040266,0.04428496901,1.362804958,2.570887072e-05,3.557578008e-05,-3.557578008e-05,1.574116891e-05,3.562672951e-06,0.0008182429419,-0.0008182429419,0.0003620468848,8.194147787e-05,96.55348538,-96.55348538,42.72189446,9.66917633
2023-09-01 0:00,2023-09-01,31-90 days,3,473999,0.2426460815,0.2489477826,0.2761102872,0.3054922057,0.5228850694,183527.0418,43.0186924,130876,2720535,0.06745990837,1.581258554e-05,1.40229715,0.000328698099,0.02337161917,0.3464519851,5.478301649e-06,2.943137884e-05,-2.943137884e-05,3.187176656e-06,1.93e-08,0.00176588273,-0.00176588273,0.0001912305994,1.15743706e-06,231.1116682,-231.1116682,25.02749592,0.1514807327
2023-09-01 0:00,2023-09-01,91-180 days,4,473999,0.2426460815,0.2489477826,0.2761102872,0.3054922057,0.5228850694,247884.106,35.7970346,144803,3944766,0.06283873517,9.074564777e-06,1.711871342,0.000247211968,0.01902079269,0.3026921634,2.746799644e-06,3.458398411e-05,-3.458398411e-05,1.525315571e-06,3.46e-07,0.00311255857,-0.00311255857,0.0001372784014,3.112540078e-05,450.7078187,-450.7078187,19.87832436,4.507051409
2023-09-01 0:00,2023-09-01,181-360 days,5,473999,0.2426460815,0.2489477826,0.2761102872,0.3054922057,0.5228850694,1984121.278,223.784782,247847,13938354,0.142349755,1.605532346e-05,8.005427855,0.0009029150321,0.04447459919,0.3124318632,5.016194623e-06,1.092065568e-06,-1.092065568e-06,1.772099686e-06,1.567211857e-06,0.0001965718023,-0.0001965718023,0.0003189779435,0.0002820981343,48.71973147,-48.71973147,79.05772637,69.91717628
2023-10-01 0:00,2023-10-01,1-7 days,1,865186,0.119613586,0.1478225491,0.140469217,0.2286398532,0.3275133902,52369.22846,21.32353172,103488,1130297,0.04633227237,1.886542362e-05,0.5060415552,0.0002060483507,0.07229165074,1.560287183,2.943547867e-05,4.013559922e-05,-4.013559922e-05,1.727917567e-05,4.016969286e-06,0.0002809491945,-0.0002809491945,0.0001209542297,2.8118785e-05,29.07487024,-29.07487024,12.51731132,2.909956822
2023-10-01 0:00,2023-10-01,8-30 days,2,865186,0.119613586,0.1478225491,0.140469217,0.2286398532,0.3275133902,43283.89889,12.51359582,127894,1019983,0.04243590226,1.226843567e-05,0.3384357272,9.784349399e-05,0.01471459683,0.3467487682,4.254064956e-06,1.963611978e-05,-1.963611978e-05,3.122738994e-06,9.6e-09,0.0004516307549,-0.0004516307549,7.182299686e-05,2.21e-07,57.76086377,-57.76086377,9.185730361,0.02822996946
2023-10-01 0:00,2023-10-01,31-90 days,3,865186,0.119613586,0.1478225491,0.140469217,0.2286398532,0.3275133902,63648.96271,11.34094346,121532,1181086,0.05389020166,9.602131815e-06,0.5237218405,9.331652122e-05,0.008728697341,0.1619718812,1.555275354e-06,1.385623149e-05,-1.385623149e-05,1.093279042e-06,1.99e-11,0.0008313738893,-0.0008313738893,6.559674252e-05,1.19e-09,101.0385315,-101.0385315,7.972103312,0.0001451566308
2023-10-01 0:00,2023-10-01,91-180 days,4,865186,0.119613586,0.1478225491,0.140469217,0.2286398532,0.3275133902,169910.6007,49.95417279,197816,2149419,0.07904954812,2.324077939e-05,0.8589325468,0.0002525284749,0.009543694964,0.1207305442,2.805871943e-06,6.143341061e-06,-6.143341061e-06,8.32e-07,1.417621855e-06,0.0005529006955,-0.0005529006955,7.492148033e-05,0.000127585967,109.372604,-109.372604,14.82066755,25.23854564
2023-10-01 0:00,2023-10-01,181-360 days,5,865186,0.119613586,0.1478225491,0.140469217,0.2286398532,0.3275133902,353244.1216,55.35964118,283360,5455138,0.06475438781,1.014816512e-05,1.246626629,0.0001953685812,0.006925703495,0.106953424,1.085381007e-06,1.73e-08,-1.73e-08,3.85e-07,4e-07,3.12244836e-06,-3.12244836e-06,6.937101126e-05,7.200457899e-05,0.8847769672,-0.8847769672,19.65696975,20.4032175
2023-11-01 0:00,2023-11-01,1-7 days,1,246155,0.2396701265,0.2578659788,0.3754341777,0.4941601836,0.4626759562,27426.86504,9.187167399,58996,750137,0.03656247465,1.224731935e-05,0.4648936376,0.0001557252593,0.0664133768,1.816435497,2.224646562e-05,0.000144501909,-0.000144501909,1.907252708e-05,1.14e-09,0.001011513363,-0.001011513363,0.0001335076896,7.95e-09,59.67524236,-59.67524236,7.876419653,0.0004689135537
2023-11-01 0:00,2023-11-01,8-30 days,2,246155,0.2396701265,0.2578659788,0.3754341777,0.4941601836,0.4626759562,78608.70684,9.520763408,63475,806911,0.09741930255,1.179902543e-05,1.238419958,0.0001499923341,0.053844346,0.5527071596,6.521405831e-06,6.173924091e-05,-6.173924091e-05,3.152727923e-06,5.42e-11,0.001420002541,-0.001420002541,7.251274224e-05,1.25e-09,90.13466128,-90.13466128,4.602746314,7.908428342e-05
2023-11-01 0:00,2023-11-01,31-90 days,3,246155,0.2396701265,0.2578659788,0.3754341777,0.4941601836,0.4626759562,172172.792,14.53551301,92415,1461835,0.11777854,9.943333557e-06,1.863039464,0.0001572852135,0.03105065773,0.2636359538,2.621420226e-06,2.069397309e-05,-2.069397309e-05,1.303216734e-06,2.34e-11,0.001241638386,-0.001241638386,7.819300404e-05,1.4e-09,114.7460114,-114.7460114,7.226206469,0.0001295828208
2023-11-01 0:00,2023-11-01,91-180 days,4,246155,0.2396701265,0.2578659788,0.3754341777,0.4941601836,0.4626759562,458926.8658,312.883925,121640,4930217,0.09308451653,6.346250581e-05,3.772828558,0.002572212471,0.04192031731,0.450346834,2.858013857e-05,9.117689808e-06,-9.117689808e-06,2.720746293e-06,5.465261684e-06,0.0008205920827,-0.0008205920827,0.0002448671664,0.0004918735515,99.81682094,-99.81682094,29.78564212,59.83149881
2023-11-01 0:00,2023-11-01,181-360 days,5,246155,0.2396701265,0.2578659788,0.3754341777,0.4941601836,0.4626759562,774861.5064,111.0070595,113890,9572719,0.08094476673,1.159618908e-05,6.803595631,0.0009746866231,0.03779775351,0.4669573468,5.414925684e-06,8.92e-08,-8.92e-08,1.917589704e-06,8.17e-07,1.606388805e-05,-1.606388805e-05,0.0003451661468,0.00014705831,1.82951621,-1.82951621,39.31097246,16.74847093
2023-12-01 0:00,2023-12-01,1-7 days,1,333269,0.2124289988,0.2563754805,0.3628390279,0.4424623952,0.4125166157,60289.84354,18.94398733,70796,501091,0.120317155,3.78054831e-05,0.8515995753,0.0002675855604,0.1216570822,1.011136626,3.822650863e-05,0.0001121098076,-0.0001121098076,3.541008466e-05,7.01e-10,0.000784768653,-0.000784768653,0.0002478705926,4.91e-09,55.55848156,-55.55848156,17.54824647,0.0003474012457
2023-12-01 0:00,2023-12-01,8-30 days,2,333269,0.2124289988,0.2563754805,0.3628390279,0.4424623952,0.4125166157,71710.34703,12.09449355,85442,910884,0.07872610237,1.327775387e-05,0.8392868499,0.0001415520886,0.0364907326,0.4635150415,6.154438634e-06,5.263956408e-05,-5.263956408e-05,5.432393375e-06,4.24e-11,0.001210709974,-0.001210709974,0.0001249450476,9.75e-10,103.4454816,-103.4454816,10.67555476,8.326408148e-05
2023-12-01 0:00,2023-12-01,31-90 days,3,333269,0.2124289988,0.2563754805,0.3628390279,0.4424623952,0.4125166157,141842.1995,149.5536881,120923,1953558,0.07260710942,7.655451648e-05,1.172996034,0.001236767928,0.01954993391,0.269256469,2.061279879e-05,3.142426245e-05,-3.142426245e-05,1.572862779e-06,1.162251562e-06,0.001885455747,-0.001885455747,9.437176674e-05,6.973509374e-05,227.9949653,-227.9949653,11.41171715,8.43257674
2023-12-01 0:00,2023-12-01,91-180 days,4,333269,0.2124289988,0.2563754805,0.3628390279,0.4424623952,0.4125166157,351688.5859,673.2417782,147459,4339161,0.08104990479,0.0001551548279,2.384992343,0.004565620126,0.02649991492,0.3269580019,5.072911251e-05,1.090242034e-06,-1.090242034e-06,4.991116116e-06,4.257158404e-06,9.812178306e-05,-9.812178306e-05,0.0004492004504,0.0003831442564,14.46894001,-14.46894001,66.23864922,56.4980689
2023-12-01 0:00,2023-12-01,181-360 days,5,333269,0.2124289988,0.2563754805,0.3628390279,0.4424623952,0.4125166157,350296.8046,125.6689423,137479,5829945,0.06008578204,2.155576807e-05,2.548002274,0.0009140955513,0.01415556819,0.2355893142,5.078308618e-06,1.38e-07,-1.38e-07,1.138586176e-06,3.66e-07,2.47647201e-05,-2.47647201e-05,0.0002049455118,6.594705378e-05,3.404628955,-3.404628955,28.17570401,9.066335006
2024-01-01 0:00,2024-01-01,1-7 days,1,294349,0.2517385824,0.2978165375,0.4295784936,0.4210681878,0.4036161156,19331.62817,18.5325868,74099,635597,0.03041491413,2.915776317e-05,0.2608891911,0.0002501057612,0.03726988445,1.225381873,3.572939446e-05,8.218640287e-05,-8.218640287e-05,3.243846098e-05,1.54e-10,0.0005753048201,-0.0005753048201,0.0002270692269,1.08e-09,42.62951186,-42.62951186,16.82560264,7.970554896e-05
2024-01-01 0:00,2024-01-01,8-30 days,2,294349,0.2517385824,0.2978165375,0.4295784936,0.4210681878,0.4036161156,36092.15132,20.90383426,87662,1082583,0.03333892304,1.930922088e-05,0.4117194602,0.0002384594723,0.0179008461,0.5369353436,1.036780315e-05,4.795148971e-05,-4.795148971e-05,4.390242205e-06,5.67e-11,0.001102884263,-0.001102884263,0.0001009755707,1.3e-09,96.68104028,-96.68104028,8.85172048,0.0001142723909
2024-01-01 0:00,2024-01-01,31-90 days,3,294349,0.2517385824,0.2978165375,0.4295784936,0.4210681878,0.4036161156,151971.2426,410.5595198,126446,2999084,0.0506725529,0.0001368949719,1.201866747,0.003246915836,0.02003111244,0.3953049787,5.411526394e-05,1.648307184e-05,-1.648307184e-05,4.011388994e-05,7.456220185e-06,0.0009889843105,-0.0009889843105,0.002406833396,0.0004473732111,125.0531101,-125.0531101,304.3344556,56.56855305
2024-01-01 0:00,2024-01-01,91-180 days,4,294349,0.2517385824,0.2978165375,0.4295784936,0.4210681878,0.4036161156,132731.2961,50.51286343,123941,5351499,0.02480263868,9.439012029e-06,1.07092323,0.0004075557195,0.011899147,0.4797532697,4.528396884e-06,1.36e-07,-1.36e-07,1.491945065e-06,1.891990504e-06,1.224385287e-05,-1.224385287e-05,0.0001342750558,0.0001702791453,1.517515368,-1.517515368,16.6421847,21.10456755
2024-01-01 0:00,2024-01-01,181-360 days,5,294349,0.2517385824,0.2978165375,0.4295784936,0.4210681878,0.4036161156,216798.5794,122.6721844,118804,11408380,0.01900345004,1.075281367e-05,1.824842425,0.001032559379,0.01013801347,0.5334827858,5.736440992e-06,6.9e-07,-6.9e-07,1.277481304e-06,9.5e-07,0.0001242675776,-0.0001242675776,0.0002299466347,0.0001710107936,14.76348529,-14.76348529,27.31857999,20.31676632
2024-02-01 0:00,2024-02-01,1-7 days,1,457138,0.2888405689,0.3774046349,0.5113532456,0.4017167682,0.4429231436,55232.22566,22.48999747,132040,1087895,0.05076981295,2.067294865e-05,0.4182991946,0.0001703271545,0.0597570278,1.177018869,2.433245064e-05,0.0001473977937,-0.0001473977937,1.804782405e-05,6.97e-10,0.001031784556,-0.001031784556,0.0001263347683,4.88e-09,136.2368327,-136.2368327,16.68124281,0.0006446611156
2024-02-01 0:00,2024-02-01,8-30 days,2,457138,0.2888405689,0.3774046349,0.5113532456,0.4017167682,0.4429231436,118574.6583,75.00057636,172526,1819206,0.06517934653,4.122709378e-05,0.6872857324,0.0004347204269,0.02988198837,0.4584579312,1.890088812e-05,5.159545928e-05,-5.159545928e-05,8.774956905e-06,5.381993424e-06,0.001186695563,-0.001186695563,0.0002018240088,0.0001237858488,204.7358388,-204.7358388,34.81988895,21.35627734
2024-02-01 0:00,2024-02-01,31-90 days,3,457138,0.2888405689,0.3774046349,0.5113532456,0.4017167682,0.4429231436,314128.6942,460.4128944,233759,6598723,0.04760446744,6.977302949e-05,1.343814331,0.001969604997,0.02239690551,0.4704790689,3.282674995e-05,2.447549638e-06,-2.447549638e-06,1.782176344e-05,8.564300926e-06,0.0001468529783,-0.0001468529783,0.001069305806,0.0005138580555,34.32820536,-34.32820536,249.9598559,120.1189452
2024-02-01 0:00,2024-02-01,91-180 days,4,457138,0.2888405689,0.3774046349,0.5113532456,0.4017167682,0.4429231436,231357.6013,87.39391847,183640,4696176,0.04926510448,1.860959182e-05,1.259843178,0.0004758980531,0.01399825754,0.2841414361,5.287756145e-06,1.03e-07,-1.03e-07,3.4417008e-06,6.99e-07,9.313049541e-06,-9.313049541e-06,0.000309753072,6.287957135e-05,1.710248418,-1.710248418,56.88305414,11.54720448
2024-02-01 0:00,2024-02-01,181-360 days,5,457138,0.2888405689,0.3774046349,0.5113532456,0.4017167682,0.4429231436,486595.7641,163.0293753,202477,9913792,0.04908270862,1.644470404e-05,2.403215002,0.0008051747868,0.01335119446,0.2720142151,4.47319326e-06,6.58e-07,-6.58e-07,2.284627093e-06,5.18e-07,0.0001184829075,-0.0001184829075,0.0004112328768,9.326815864e-05,23.99006367,-23.99006367,83.2651992,18.88465696
2024-03-01 0:00,2024-03-01,1-7 days,1,2074947,0.2420341339,0.2345717746,0.2510864133,0.1519764119,0.2109403276,539464.5171,1218.133555,502208,7555949,0.07139599766,0.0001612151638,1.074185431,0.002425555856,0.1534550616,2.149351037,0.0003465079795,3.443799299e-05,-3.443799299e-05,0.0002314283848,7.60795436e-05,0.0002410659509,-0.0002410659509,0.001619998693,0.0005325568052,121.0652491,-121.0652491,813.5763038,267.454288
2024-03-01 0:00,2024-03-01,8-30 days,2,2074947,0.2420341339,0.2345717746,0.2510864133,0.1519764119,0.2109403276,878418.9489,1707.844758,486724,14776130,0.0594485125,0.00011558133,1.804757828,0.003508856678,0.07846773164,1.319927587,0.000152558986,3.218902464e-06,-3.218902464e-06,0.0001089606585,2.514453049e-05,7.403475666e-05,-7.403475666e-05,0.002506095146,0.0005783242013,36.0344929,-36.0344929,1219.776654,281.4842685
2024-03-01 0:00,2024-03-01,31-90 days,3,2074947,0.2420341339,0.2345717746,0.2510864133,0.1519764119,0.2109403276,736645.1404,915.3684412,520991,16978341,0.04338734511,5.391389189e-05,1.413930644,0.001756975536,0.02356551074,0.5431424919,2.928292559e-05,4.18e-07,-4.18e-07,2.15948964e-05,4.522964534e-06,2.509332338e-05,-2.509332338e-05,0.001295693784,0.0002713778721,13.07339564,-13.07339564,675.0448004,141.3854289
2024-03-01 0:00,2024-03-01,91-180 days,4,2074947,0.2420341339,0.2345717746,0.2510864133,0.1519764119,0.2109403276,394436.5491,353.6672861,315343,17844503,0.02210409273,1.981939683e-05,1.25081752,0.001121532065,0.01389797244,0.6287510918,1.246146739e-05,9.96e-08,-9.96e-08,9.702973498e-06,1.638258675e-06,8.963014478e-06,-8.963014478e-06,0.0008732676148,0.0001474432808,2.826423875,-2.826423875,275.3788295,46.49520648
2024-03-01 0:00,2024-03-01,181-360 days,5,2074947,0.2420341339,0.2345717746,0.2510864133,0.1519764119,0.2109403276,1143160.53,1310.698472,437690,23429825,0.04879082665,5.594145378e-05,2.611804085,0.002994581718,0.01451002269,0.297392434,1.66365651e-05,5.48e-07,-5.48e-07,1.459712569e-05,7.32e-07,9.865956023e-05,-9.865956023e-05,0.002627482625,0.0001317147279,43.18230292,-43.18230292,1150.02287,57.65021926
2024-04-01 0:00,2024-04-01,1-7 days,1,2399925,0.2427742534,0.252425805,0.2567105222,0.1562394658,,431697.6757,421.3040418,582640,11625833,0.03713262316,3.623861118e-05,0.740933811,0.0007230949502,0.1058476873,2.850530835,0.0001032992786,8.45e-07,-8.45e-07,4.634103751e-05,2.561365139e-05,5.916951598e-06,-5.916951598e-06,0.0003243872626,0.0001792955597,3.447452679,-3.447452679,189.0009947,104.4647649
2024-04-01 0:00,2024-04-01,8-30 days,2,2399925,0.2427742534,0.252425805,0.2567105222,0.1562394658,,574542.0796,543.9755452,605803,16100533,0.03568466209,3.378618243e-05,0.9483975477,0.0008979413195,0.04123467599,1.155529395,3.904092694e-05,6.54e-08,-6.54e-08,1.44218294e-05,1.261410593e-05,1.505245542e-06,-1.505245542e-06,0.0003317020763,0.0002901244364,0.9118822652,-0.9118822652,200.9461129,175.758254
2024-04-01 0:00,2024-04-01,31-90 days,3,2399925,0.2427742534,0.252425805,0.2567105222,0.1562394658,,532536.4532,516.769407,616086,26099201,0.02040432016,1.980020028e-05,0.8643865519,0.0008387942706,0.01440644253,0.7060486415,1.397990451e-05,1.49e-07,-1.49e-07,6.811776143e-06,2.714082318e-06,8.919235316e-06,-8.919235316e-06,0.0004087065686,0.0001628449391,5.495016009,-5.495016009,251.798395,100.3264871
2024-04-01 0:00,2024-04-01,91-180 days,4,2399925,0.2427742534,0.252425805,0.2567105222,0.1562394658,,650474.7773,384.6634787,374963,18624400,0.03492594539,2.065373804e-05,1.73477057,0.001025870496,0.01927522856,0.5518885271,1.139856106e-05,4.63e-08,-4.63e-08,6.531961266e-06,9.99e-07,4.169143427e-06,-4.169143427e-06,0.0005878765139,8.994387588e-05,1.563274527,-1.563274527,220.4319413,33.72562553
2024-04-01 0:00,2024-04-01,181-360 days,5,2399925,0.2427742534,0.252425805,0.2567105222,0.1562394658,,1005395.461,1185.736602,516198,32697967,0.03074795021,3.62633127e-05,1.947693446,0.002297057722,0.01082051914,0.3519102597,1.276143179e-05,7.24e-07,-7.24e-07,1.067783402e-05,9.05e-07,0.0001303233486,-0.0001303233486,0.001922010124,0.0001628436792,67.27265189,-67.27265189,992.137782,84.05958154
2024-05-01 0:00,2024-05-01,1-7 days,1,1867517,0.2067472478,0.2154486412,0.2294265594,0.1724444811,,274749.3155,184.7461616,386104,6668417,0.04120157984,2.770465039e-05,0.7115940665,0.00047848808,0.1016562952,2.467291196,6.835544e-05,1.46e-07,-1.46e-07,2.256724444e-05,3.420196466e-05,1.023459986e-06,-1.023459986e-06,0.0001579707111,0.0002394137526,0.3951619944,-0.3951619944,60.99312343,92.43860754
2024-05-01 0:00,2024-05-01,8-30 days,2,1867517,0.2067472478,0.2154486412,0.2294265594,0.1724444811,,402836.0396,213.0911765,402354,12226753,0.03294709884,1.742827196e-05,1.001198049,0.0005296111795,0.04353034994,1.321219514,2.302657302e-05,2.74e-07,-2.74e-07,8.652313816e-06,1.122307007e-05,6.312183094e-06,-6.312183094e-06,0.0001990032178,0.0002581306116,2.539732117,-2.539732117,80.06974068,103.8598841
2024-05-01 0:00,2024-05-01,31-90 days,3,1867517,0.2067472478,0.2154486412,0.2294265594,0.1724444811,,561454.8043,246.7887711,428458,21299517,0.02635997822,1.158659002e-05,1.310408031,0.000575992912,0.02184013386,0.8285338353,9.599881867e-06,2.28e-07,-2.28e-07,5.811196404e-06,2.344302711e-06,1.370382171e-05,-1.370382171e-05,0.0003486717842,0.0001406581627,5.871512041,-5.871512041,149.3912153,60.26611506
2024-05-01 0:00,2024-05-01,91-180 days,4,1867517,0.2067472478,0.2154486412,0.2294265594,0.1724444811,,300669.49,173.7294745,322043,17681027,0.01700520507,9.82575698e-06,0.9336315025,0.0005394604896,0.01037368336,0.610029889,5.99400544e-06,2.27e-07,-2.27e-07,3.967635394e-06,1.016264677e-06,2.041710123e-05,-2.041710123e-05,0.0003570871855,9.146382093e-05,6.57518453,-6.57518453,114.9974285,29.45528328
2024-05-01 0:00,2024-05-01,181-360 days,5,1867517,0.2067472478,0.2154486412,0.2294265594,0.1724444811,,499395.1436,364.5060248,342623,16941909,0.02947691099,2.151505033e-05,1.457564564,0.001063869106,0.00809758091,0.2747092772,5.910383923e-06,7.8e-07,-7.8e-07,4.34568309e-06,7.23e-07,0.0001404755853,-0.0001404755853,0.0007822229563,0.0001301851498,48.13016648,-48.13016648,268.0075759,44.60442657
2024-06-01 0:00,2024-06-01,1-7 days,1,5447106,0.1429390212,0.1071684671,0.06955308011,0.05877010655,,192060.9017,90.18224133,778604,11036024,0.01740308844,8.171624249e-06,0.2466734074,0.0001158255562,0.03523905821,2.024873822,1.654650802e-05,4.8e-07,-4.8e-07,1.124559143e-05,1.785033692e-06,3.36199396e-06,-3.36199396e-06,7.871914002e-05,1.249523584e-05,2.617661945,-2.617661945,61.2910373,9.728840608
2024-06-01 0:00,2024-06-01,8-30 days,2,5447106,0.1429390212,0.1071684671,0.06955308011,0.05877010655,,216421.1009,99.09013833,583758,13644800,0.01586106802,7.262117314e-06,0.3707377045,0.000169745234,0.01611903063,1.016263887,7.380227567e-06,2.1e-07,-2.1e-07,4.046697235e-06,8.55e-07,4.83607037e-06,-4.83607037e-06,9.30740364e-05,1.967620512e-05,2.823094767,-2.823094767,54.33271334,11.48614215
2024-06-01 0:00,2024-06-01,31-90 days,3,5447106,0.1429390212,0.1071684671,0.06955308011,0.05877010655,,201664.2426,133.1540287,378863,14107859,0.01429446117,9.438287458e-06,0.5322880372,0.0003514569347,0.008871467287,0.6206227141,5.857615579e-06,3.67e-08,-3.67e-08,3.769625118e-06,7.49e-07,2.202214885e-06,-2.202214885e-06,0.0002261775071,4.49260685e-05,0.834337738,-0.834337738,85.69028886,17.02082509
2024-06-01 0:00,2024-06-01,91-180 days,4,5447106,0.1429390212,0.1071684671,0.06955308011,0.05877010655,,201694.6105,134.6918019,320127,13798138,0.01461752379,9.761592605e-06,0.6300456083,0.0004207448977,0.007000506759,0.4789119457,4.674943308e-06,4.79e-07,-4.79e-07,3.239241565e-06,9.37e-07,4.311580954e-05,-4.311580954e-05,0.0002915317408,8.434480201e-05,13.80253476,-13.80253476,93.3271816,27.00104843
2024-06-01 0:00,2024-06-01,181-360 days,5,5447106,0.1429390212,0.1071684671,0.06955308011,0.05877010655,,295810.6965,150.9207144,310490,14369855,0.02058550323,1.050259132e-05,0.9527221376,0.0004860727057,0.005292900764,0.257117871,2.70040392e-06,4.02e-07,-4.02e-07,2.104870593e-06,3.38e-07,7.235987032e-05,-7.235987032e-05,0.0003788767068,6.082907267e-05,22.46701614,-22.46701614,117.6374287,18.88681877
2024-07-01 0:00,2024-07-01,1-7 days,1,9480599,0.1051410359,0.06135677714,0.06106491794,0.05987765119,,605738.2979,69.74995981,996800,15301517,0.03958681338,4.558368939e-06,0.6076828831,6.997387621e-05,0.08681184044,2.192948435,9.99626803e-06,1.09e-07,-1.09e-07,5.02408963e-06,2.589018784e-06,7.66e-07,-7.66e-07,3.516862741e-05,1.812313149e-05,0.7634743476,-0.7634743476,35.0560878,18.06513747
2024-07-01 0:00,2024-07-01,8-30 days,2,9480599,0.1051410359,0.06135677714,0.06106491794,0.05987765119,,1209707.274,107.5858937,581699,21853441,0.05535545975,4.923064229e-06,2.079610372,0.0001849511408,0.09041784226,1.633404233,8.041353949e-06,7.49e-08,-7.49e-08,2.721130421e-06,1.821236792e-06,1.721744142e-06,-1.721744142e-06,6.258599969e-05,4.188844622e-05,1.001536845,-1.001536845,36.40621343,24.36646728
2024-07-01 0:00,2024-07-01,31-90 days,3,9480599,0.1051410359,0.06135677714,0.06106491794,0.05987765119,,1656388.345,186.2907002,578932,29783934,0.05561348426,6.254737879e-06,2.861110363,0.0003217833877,0.04768517272,0.8574390429,5.363056461e-06,4.76e-08,-4.76e-08,1.231157813e-06,6.37e-07,2.853755383e-06,-2.853755383e-06,7.386946876e-05,3.823599298e-05,1.652130311,-1.652130311,42.76539929,22.13603989
2024-07-01 0:00,2024-07-01,91-180 days,4,9480599,0.1051410359,0.06135677714,0.06106491794,0.05987765119,,2056380.017,445.4383849,567676,17120753,0.1201103723,2.601745291e-05,3.622453682,0.0007846701021,0.04024948536,0.3351041596,8.71855669e-06,5.42e-07,-5.42e-07,2.561920628e-06,8.25e-07,4.879867636e-05,-4.879867636e-05,0.0002305728565,7.428124627e-05,27.7018374,-27.7018374,130.8906769,42.16768076
2024-07-01 0:00,2024-07-01,181-360 days,5,9480599,0.1051410359,0.06135677714,0.06106491794,0.05987765119,,1579265.654,228.2555569,209647,7433363,0.2124564149,3.070690304e-05,7.532975209,0.001088761379,0.04184986227,0.1969809304,6.04867433e-06,2.29e-07,-2.29e-07,4.482270881e-06,2.5e-07,4.127149941e-05,-4.127149941e-05,0.0008068087585,4.503854773e-05,8.652446038,-8.652446038,169.1450358,9.442196416
2024-08-01 0:00,2024-08-01,1-7 days,1,12075203,0.137011444,0.06144716573,0.1545870492,0.03537605123,,567352.6443,36.81247098,1654441,13223681,0.04290428999,2.783829327e-06,0.342927094,2.225070038e-05,0.04898958486,1.141834182,3.178671482e-06,3.66e-08,-3.66e-08,1.437786323e-06,7.62e-07,2.57e-07,-2.57e-07,1.006450426e-05,5.332569644e-06,0.4244172037,-0.4244172037,16.6511285,8.822421854
2024-08-01 0:00,2024-08-01,8-30 days,2,12075203,0.137011444,0.06144716573,0.1545870492,0.03537605123,,1232220.023,74.00700045,741987,21394891,0.05759412481,3.459096868e-06,1.660702981,9.974164028e-05,0.07220447742,1.25367783,4.336593056e-06,4.12e-08,-4.12e-08,1.420394087e-06,9.62e-07,9.47e-07,-9.47e-07,3.2669064e-05,2.21215188e-05,0.7027188714,-0.7027188714,24.24002079,16.41387937
2024-08-01 0:00,2024-08-01,31-90 days,3,12075203,0.137011444,0.06144716573,0.1545870492,0.03537605123,,2022961.481,301.2794854,1866670,27721572,0.07297427003,1.086805198e-05,1.083727429,0.0001613994361,0.01806212382,0.2475135937,2.689990602e-06,5.61e-08,-5.61e-08,1.127893355e-06,1.71e-07,3.365155541e-06,-3.365155541e-06,6.76736013e-05,1.02730976e-05,6.281634895,-6.281634895,126.3242813,19.1764831
2024-08-01 0:00,2024-08-01,91-180 days,4,12075203,0.137011444,0.06144716573,0.1545870492,0.03537605123,,2210569.169,554.0799484,427173,15750203,0.140351789,3.517922584e-05,5.174880362,0.001297085603,0.05749867069,0.409675367,1.441206226e-05,8.69e-07,-8.69e-07,3.640327578e-06,1.182916385e-06,7.825476523e-05,-7.825476523e-05,0.000327629482,0.0001064624746,33.42832283,-33.42832283,139.9544687,45.47789467
2024-08-01 0:00,2024-08-01,181-360 days,5,12075203,0.137011444,0.06144716573,0.1545870492,0.03537605123,,823862.4559,69.43679014,158154,6906735,0.1192839244,1.005348984e-05,5.209241979,0.000439045425,0.02894023321,0.2426163739,2.43914125e-06,1.35e-07,-1.35e-07,6.72e-07,1.67e-07,2.427553561e-05,-2.427553561e-05,0.0001209709775,3.010039712e-05,3.839273058,-3.839273058,19.13204397,4.760498206
2024-09-01 0:00,2024-09-01,1-7 days,1,19727657,0.3775151808,0.05159223926,0.06853119962,0.01568964829,,338046.0882,49.82454804,7447490,23159651,0.01459633775,2.151351419e-06,0.04539060652,6.690112781e-06,0.006484372361,0.4442465275,9.56e-07,5.24e-08,-5.24e-08,4.8e-07,3.18e-07,3.67e-07,-3.67e-07,3.361691149e-06,2.223035747e-06,2.73289366,-2.73289366,25.03616122,16.55603649
2024-09-01 0:00,2024-09-01,8-30 days,2,19727657,0.3775151808,0.05159223926,0.06853119962,0.01568964829,,1020747.104,154.4604072,1017794,22526549,0.04531307056,6.856816248e-06,1.002901475,0.0001517599899,0.04360441197,0.9622921474,6.598260432e-06,1.71e-07,-1.71e-07,5.328061044e-06,7.54e-07,3.928200539e-06,-3.928200539e-06,0.000122545404,1.733407756e-05,3.99809894,-3.99809894,124.7259769,17.64252014
2024-09-01 0:00,2024-09-01,31-90 days,3,19727657,0.3775151808,0.05159223926,0.06853119962,0.01568964829,,3068253.065,829.33881,1351960,32686296,0.09386970812,2.537267637e-05,2.269485092,0.0006134344286,0.03782475153,0.4029494955,1.022390714e-05,3.84e-07,-3.84e-07,8.678710227e-06,8.98e-07,2.301590368e-05,-2.301590368e-05,0.0005207226136,5.386618188e-05,31.11658114,-31.11658114,703.9961447,72.82492325
2024-09-01 0:00,2024-09-01,91-180 days,4,19727657,0.3775151808,0.05159223926,0.06853119962,0.01568964829,,1743193.468,829.282534,309520,21914438,0.0795454334,3.784183441e-05,5.631925137,0.00267925347,0.06257694597,0.7866818156,2.9769483e-05,1.834681112e-06,-1.834681112e-06,2.65314674e-05,1.645718406e-06,0.0001651213001,-0.0001651213001,0.002387832066,0.0001481146566,51.1083448,-51.1083448,739.081781,45.8444485
2024-09-01 0:00,2024-09-01,181-360 days,5,19727657,0.3775151808,0.05159223926,0.06853119962,0.01568964829,,350114.7969,70.52543163,205210,3775536,0.09273247478,1.867958129e-05,1.706129316,0.000343674439,0.009478496199,0.1022133424,1.909302439e-06,3.51e-08,-3.51e-08,1.546150484e-06,4.86e-08,6.312805846e-06,-6.312805846e-06,0.0002783070871,8.741856315e-06,1.295450888,-1.295450888,57.11139735,1.793916334
2024-10-01 0:00,2024-10-01,1-7 days,1,16691688,0.3110298371,0.07939766188,0.06289603544,,,209932.1881,107.9985519,5191613,31043081,0.006762608006,3.478989471e-06,0.04043679452,2.080250434e-05,0.005776684932,0.8542096372,2.971786334e-06,2.09e-07,-2.09e-07,1.621428578e-06,7.21e-07,1.461393928e-06,-1.461393928e-06,1.135000005e-05,5.050247386e-06,7.586991717,-7.586991717,58.92480778,26.21892998
2024-10-01 0:00,2024-10-01,8-30 days,2,16691688,0.3110298371,0.07939766188,0.06289603544,,,289134.9261,209.9048514,1325281,33506756,0.008629153062,6.264553078e-06,0.2181687703,0.0001583851662,0.00948559871,1.099250256,6.886311573e-06,8.93e-07,-8.93e-07,4.626697892e-06,1.540236772e-06,2.053312563e-05,-2.053312563e-05,0.0001064140515,3.542544575e-05,27.21216126,-27.21216126,141.0285206,46.94867017
2024-10-01 0:00,2024-10-01,31-90 days,3,16691688,0.3110298371,0.07939766188,0.06289603544,,,394960.5472,621.2947461,1049841,44359026,0.008903724514,1.400605023e-05,0.376209871,0.0005917988973,0.006270164517,0.7042181626,9.863314955e-06,1.360273254e-06,-1.360273254e-06,5.866112981e-06,3.061022925e-06,8.161639527e-05,-8.161639527e-05,0.0003519667789,0.0001836613755,85.68423802,-85.68423802,369.5091551,192.8152421
2024-10-01 0:00,2024-10-01,91-180 days,4,16691688,0.3110298371,0.07939766188,0.06289603544,,,229439.789,522.4833157,596631,61843742,0.003709992015,8.448442781e-06,0.3845589468,0.0008757227091,0.004272877187,1.151721397,9.730252324e-06,7.54e-07,-7.54e-07,6.600874282e-06,2.198400695e-06,6.784646907e-05,-6.784646907e-05,0.0005940786854,0.0001978560626,40.47930669,-40.47930669,354.4457602,118.0470605
2024-10-01 0:00,2024-10-01,181-360 days,5,16691688,0.3110298371,0.07939766188,0.06289603544,,,3893.499305,4.356255761,15052,453503,0.008585388201,9.605792598e-06,0.258669898,0.0002894137497,0.001437054989,0.1673838102,1.607854165e-06,1.07e-07,-1.07e-07,1.210819097e-06,4.22e-08,1.924191634e-05,-1.924191634e-05,0.0002179474374,7.60235747e-06,0.2896293248,-0.2896293248,3.280544828,0.1144306846
2024-11-01 0:00,2024-11-01,1-7 days,1,14342115,0.1964820391,0.1650990806,0.1061651646,,,301996.8983,186.5803446,2817968,27580825,0.01094952375,6.764857274e-06,0.1071683207,6.621095222e-05,0.0153097601,1.39821242,9.45870746e-06,1.353315014e-06,-1.353315014e-06,4.918831187e-06,3.042308582e-06,9.473205096e-06,-9.473205096e-06,3.443181831e-05,2.129616008e-05,26.69518882,-26.69518882,97.02776217,60.01189762
2024-11-01 0:00,2024-11-01,8-30 days,2,14342115,0.1964820391,0.1650990806,0.1061651646,,,462750.1742,358.3023269,2367870,36949644,0.01252380603,9.697044087e-06,0.1954288767,0.0001513184114,0.008496907681,0.6784604986,6.579061366e-06,1.16730208e-06,-1.16730208e-06,3.077238583e-06,2.297989567e-06,2.684794784e-05,-2.684794784e-05,7.07764874e-05,5.285376005e-05,63.57245025,-63.57245025,167.5895212,125.1508328
2024-11-01 0:00,2024-11-01,31-90 days,3,14342115,0.1964820391,0.1650990806,0.1061651646,,,878434.506,330.4469581,1522633,39293581,0.02235567448,8.409693127e-06,0.5769180794,0.0002170233786,0.009615301324,0.4301056241,3.617056311e-06,1e-06,-1e-06,1.654069781e-06,1.114848195e-06,5.99855787e-05,-5.99855787e-05,9.924418685e-05,6.68908917e-05,91.33602165,-91.33602165,151.112474,101.8502791
2024-11-01 0:00,2024-11-01,91-180 days,4,14342115,0.1964820391,0.1650990806,0.1061651646,,,379497.8722,117.1894278,316367,14950616,0.02538342716,7.838434738e-06,1.199549486,0.0003704224138,0.01332832762,0.525079909,4.115804598e-06,2.95e-07,-2.95e-07,2.287784017e-06,5.16e-07,2.651536375e-05,-2.651536375e-05,0.0002059005615,4.648118032e-05,8.388586083,-8.388586083,65.14014294,14.70511157
2024-12-01 0:00,2024-12-01,1-7 days,1,18075642,0.2887957175,0.1792292633,0.08514308925,,,488727.2962,165.4408754,5220168,27634827,0.01768519471,5.986680337e-06,0.09362290567,3.16926343e-05,0.01337470081,0.7562653977,4.527519186e-06,1.140307337e-06,-1.140307337e-06,2.74606761e-06,1.14133372e-06,7.98215136e-06,-7.98215136e-06,1.922247327e-05,7.989336041e-06,41.6681711,-41.6681711,100.3445398,41.70567634
2024-12-01 0:00,2024-12-01,8-30 days,2,18075642,0.2887957175,0.1792292633,0.08514308925,,,531688.2109,302.4537524,3239684,26084256,0.02038349152,1.159526085e-05,0.1641173062,9.335902896e-05,0.007135535051,0.3500644158,4.059088215e-06,8.93e-07,-8.93e-07,3.076090674e-06,5.97e-07,2.054184491e-05,-2.054184491e-05,7.075008551e-05,1.37296812e-05,66.54908629,-66.54908629,229.20792,44.47982852
2024-12-01 0:00,2024-12-01,31-90 days,3,18075642,0.2887957175,0.1792292633,0.08514308925,,,684400.3956,862.0111878,1539016,28549972,0.02397201635,3.019306596e-05,0.4446999873,0.0005601054101,0.007411666454,0.3091799349,9.335090168e-06,3.94e-07,-3.94e-07,8.52661627e-06,4.18e-07,2.364987866e-05,-2.364987866e-05,0.0005115969762,2.508150545e-05,36.39754166,-36.39754166,787.355932,38.60083819
2024-12-01 0:00,2024-12-01,91-180 days,4,18075642,0.2887957175,0.1792292633,0.08514308925,,,232099.9816,204.2075702,180071,7490407,0.03098629776,2.726254664e-05,1.288935929,0.001134039186,0.01432151032,0.4621884948,1.26004354e-05,1.8e-07,-1.8e-07,1.156387531e-05,2.02e-07,1.620788894e-05,-1.620788894e-05,0.001040748778,1.815593753e-05,2.918570769,-2.918570769,187.4086732,3.269357827
2025-01-01 0:00,2025-01-01,1-7 days,1,15742086,0.3238079756,0.1446305147,,,,448380.4234,312.5906438,5097413,31927707,0.01404361495,9.790576061e-06,0.08796234942,6.13233897e-05,0.01256604992,0.8947874147,8.760484242e-06,1.330321154e-06,-1.330321154e-06,6.342374545e-06,1.447074054e-06,9.31224808e-06,-9.31224808e-06,4.439662182e-05,1.012951838e-05,47.46837442,-47.46837442,226.3079172,51.63433865
2025-01-01 0:00,2025-01-01,8-30 days,2,15742086,0.3238079756,0.1446305147,,,,251349.2995,386.893223,2276786,30203105,0.008321968867,1.280971685e-05,0.1103965412,0.0001699295511,0.004799849618,0.5767685142,7.388241354e-06,7.6e-07,-7.6e-07,4.994020292e-06,1.223295692e-06,1.748611353e-05,-1.748611353e-05,0.0001148624667,2.813580091e-05,39.81213848,-39.81213848,261.5172562,64.05919761
2025-01-01 0:00,2025-01-01,31-90 days,3,15742086,0.3238079756,0.1446305147,,,,243516.6066,434.0229043,767519,28280330,0.008610812058,1.534716548e-05,0.3172776264,0.0005654881563,0.005287960441,0.6141070558,9.424802606e-06,2.82e-07,-2.82e-07,7.092020436e-06,5.82e-07,1.69348743e-05,-1.69348743e-05,0.0004255212262,3.494542955e-05,12.99783778,-12.99783778,326.595626,26.82128114
2025-01-01 0:00,2025-01-01,91-180 days,4,15742086,0.3238079756,0.1446305147,,,,4474.471085,5.552141019,19355,823315,0.00543470128,6.743641278e-06,0.2311790796,0.0002868582288,0.002568656439,0.4726398576,3.187313654e-06,2.83e-07,-2.83e-07,2.911690336e-06,2.13e-07,2.551007747e-05,-2.551007747e-05,0.0002620521302,1.919267968e-05,0.4937475494,-0.4937475494,5.072018981,0.3714743153
2025-02-01 0:00,2025-02-01,1-7 days,1,12864278,0.3675162337,0.1609828395,,,,313180.8836,117.3934641,4727831,25452338,0.01230460178,4.612286073e-06,0.06624197937,2.483030042e-05,0.009463139911,0.7690732358,3.547185775e-06,3.53e-07,-3.53e-07,2.637732252e-06,7.6e-07,2.468396011e-06,-2.468396011e-06,1.846412576e-05,5.323346189e-06,11.67015918,-11.67015918,87.29526616,25.16788114
2025-02-01 0:00,2025-02-01,8-30 days,2,12864278,0.3675162337,0.1609828395,,,,231713.1073,344.3093121,2070928,24399544,0.0094966163,1.41113011e-05,0.1118885385,0.0001662584658,0.004864719065,0.5122581467,7.228628948e-06,3.17e-07,-3.17e-07,6.703809451e-06,3.74e-07,7.302047786e-06,-7.302047786e-06,0.0001541876174,8.600054454e-06,15.12201522,-15.12201522,319.3114541,17.81009357
2025-02-01 0:00,2025-02-01,31-90 days,3,12864278,0.3675162337,0.1609828395,,,,154401.0821,396.7180257,401303,23461798,0.006580956927,1.690910585e-05,0.384749384,0.0009885747819,0.006412489734,0.974400806,1.647624637e-05,3.73e-07,-3.73e-07,1.544590263e-05,6.37e-07,2.238062198e-05,-2.238062198e-05,0.0009267541579,3.819916997e-05,8.981410741,-8.981410741,371.9092238,15.32944151
2025-03-01 0:00,2025-03-01,1-7 days,1,15238571,0.4223186675,,,,,435723.2901,96.33390265,6435533,31113577,0.01400428148,3.096201464e-06,0.06770585903,1.496906358e-05,0.009672265575,0.6906648935,2.138437654e-06,1.42e-07,-1.42e-07,1.515340978e-06,4.39e-07,9.96e-07,-9.96e-07,1.060738685e-05,3.074964048e-06,6.412913608,-6.412913608,68.26418809,19.7890326
2025-03-01 0:00,2025-03-01,8-30 days,2,15238571,0.4223186675,,,,,475629.5648,80.8952984,2200948,18128143,0.02623708147,4.462415064e-06,0.2161021364,3.675475223e-05,0.009395745059,0.3581093831,1.598032705e-06,8.26e-08,-8.26e-08,1.328341693e-06,8.85e-08,1.89982269e-06,-1.89982269e-06,3.055185894e-05,2.035371729e-06,4.18141095,-4.18141095,67.24305282,4.479747337
2025-03-01 0:00,2025-03-01,31-90 days,3,15238571,0.4223186675,,,,,109459.8548,4.463442566,83156,1021438,0.107162505,4.369763574e-06,1.316319385,5.367553232e-05,0.02193865642,0.2047232511,8.95e-07,1.09e-07,-1.09e-07,6.61e-07,2.92e-08,6.561961309e-06,-6.561961309e-06,3.966098304e-05,1.749581697e-06,0.5456664547,-0.5456664547,3.298048706,0.1454882156
2025-04-01 0:00,2025-04-01,1-7 days,1,3880248,,,,,,58117.71294,14.19351782,1247389,9734175,0.005970481622,1.458112045e-06,0.04659149066,1.137858183e-05,0.006655927237,1.114805749,1.625511691e-06,3.88e-07,-3.88e-07,1.140818864e-06,3.61e-07,2.714954795e-06,-2.714954795e-06,7.985732046e-06,2.528705535e-06,3.386604747,-3.386604747,9.961314312,3.154279469
2025-04-01 0:00,2025-04-01,8-30 days,2,3880248,,,,,,3086.484826,0.5165754957,389210,605914,0.005093932186,8.53e-07,0.007930127248,1.327241067e-06,0.0003447881412,0.06768604855,5.77e-08,9.87e-09,-9.87e-09,4.59e-08,7.26e-09,2.27e-07,-2.27e-07,1.055425259e-06,1.67e-07,0.08834656433,-0.08834656433,0.4107820652,0.065018711
